"","Country","ISO2","ISO3","UN"
"2","Afghanistan","AF","AFG","004"
"3","Aland Islands","AX","ALA","248"
"4","Albania","AL","ALB","008"
"5","Algeria","DZ","DZA","012"
"6","American Samoa","AS","ASM","016"
"7","Andorra","AD","AND","020"
"8","Angola","AO","AGO","024"
"9","Anguilla","AI","AIA","660"
"10","Antarctica","AQ","ATA","010"
"11","Antigua and Barbuda","AG","ATG","028"
"12","Argentina","AR","ARG","032"
"13","Armenia","AM","ARM","051"
"14","Aruba","AW","ABW","533"
"15","Australia","AU","AUS","036"
"16","Austria","AT","AUT","040"
"17","Azerbaijan","AZ","AZE","031"
"20","Bahamas","BS","BHS","044"
"21","Bahrain","BH","BHR","048"
"22","Bangladesh","BD","BGD","050"
"23","Barbados","BB","BRB","052"
"24","Belarus","BY","BLR","112"
"25","Belgium","BE","BEL","056"
"26","Belize","BZ","BLZ","084"
"27","Benin","BJ","BEN","204"
"28","Bermuda","BM","BMU","060"
"29","Bhutan","BT","BTN","064"
"30","Bolivia","BO","BOL","068"
"31","Bosnia and Herzegovina","BA","BIH","070"
"32","Botswana","BW","BWA","072"
"33","Bouvet Island","BV","BVT","074"
"34","Brazil","BR","BRA","076"
"35","British Virgin Islands","VG","VGB","092"
"36","British Indian Ocean Territory","IO","IOT","086"
"37","Brunei Darussalam","BN","BRN","096"
"38","Bulgaria","BG","BGR","100"
"39","Burkina Faso","BF","BFA","854"
"40","Burundi","BI","BDI","108"
"42","Cambodia","KH","KHM","116"
"43","Cameroon","CM","CMR","120"
"44","Canada","CA","CAN","124"
"45","Cape Verde","CV","CPV","132"
"46","Cayman Islands","KY","CYM","136"
"47","Central African Republic","CF","CAF","140"
"48","Chad","TD","TCD","148"
"49","Chile","CL","CHL","152"
"50","China","CN","CHN","156"
"51","Hong Kong, SAR China","HK","HKG","344"
"52","Macao, SAR China","MO","MAC","446"
"53","Christmas Island","CX","CXR","162"
"54","Cocos (Keeling) Islands","CC","CCK","166"
"55","Colombia","CO","COL","170"
"56","Comoros","KM","COM","174"
"57","Congo (Brazzaville)","CG","COG","178"
"58","Congo, (Kinshasa)","CD","COD","180"
"59","Cook Islands","CK","COK","184"
"60","Costa Rica","CR","CRI","188"
"61","Côte d'Ivoire","CI","CIV","384"
"62","Croatia","HR","HRV","191"
"63","Cuba","CU","CUB","192"
"64","Cyprus","CY","CYP","196"
"65","Czech Republic","CZ","CZE","203"
"68","Denmark","DK","DNK","208"
"69","Djibouti","DJ","DJI","262"
"70","Dominica","DM","DMA","212"
"71","Dominican Republic","DO","DOM","214"
"74","Ecuador","EC","ECU","218"
"75","Egypt","EG","EGY","818"
"76","El Salvador","SV","SLV","222"
"77","Equatorial Guinea","GQ","GNQ","226"
"78","Eritrea","ER","ERI","232"
"79","Estonia","EE","EST","233"
"80","Ethiopia","ET","ETH","231"
"82","Falkland Islands (Malvinas)","FK","FLK","238"
"83","Faroe Islands","FO","FRO","234"
"84","Fiji","FJ","FJI","242"
"85","Finland","FI","FIN","246"
"86","France","FR","FRA","250"
"87","French Guiana","GF","GUF","254"
"88","French Polynesia","PF","PYF","258"
"89","French Southern Territories","TF","ATF","260"
"92","Gabon","GA","GAB","266"
"93","Gambia","GM","GMB","270"
"94","Georgia","GE","GEO","268"
"95","Germany","DE","DEU","276"
"96","Ghana","GH","GHA","288"
"97","Gibraltar","GI","GIB","292"
"98","Greece","GR","GRC","300"
"99","Greenland","GL","GRL","304"
"100","Grenada","GD","GRD","308"
"101","Guadeloupe","GP","GLP","312"
"102","Guam","GU","GUM","316"
"103","Guatemala","GT","GTM","320"
"104","Guernsey","GG","GGY","831"
"105","Guinea","GN","GIN","324"
"106","Guinea-Bissau","GW","GNB","624"
"107","Guyana","GY","GUY","328"
"110","Haiti","HT","HTI","332"
"111","Heard and Mcdonald Islands","HM","HMD","334"
"112","Holy See (Vatican City State)","VA","VAT","336"
"113","Honduras","HN","HND","340"
"114","Hungary","HU","HUN","348"
"116","Iceland","IS","ISL","352"
"117","India","IN","IND","356"
"118","Indonesia","ID","IDN","360"
"119","Iran, Islamic Republic of","IR","IRN","364"
"120","Iraq","IQ","IRQ","368"
"121","Ireland","IE","IRL","372"
"122","Isle of Man","IM","IMN","833"
"123","Israel","IL","ISR","376"
"124","Italy","IT","ITA","380"
"126","Jamaica","JM","JAM","388"
"127","Japan","JP","JPN","392"
"128","Jersey","JE","JEY","832"
"129","Jordan","JO","JOR","400"
"132","Kazakhstan","KZ","KAZ","398"
"133","Kenya","KE","KEN","404"
"134","Kiribati","KI","KIR","296"
"135","Korea (North)","KP","PRK","408"
"136","Korea (South)","KR","KOR","410"
"137","Kuwait","KW","KWT","414"
"138","Kyrgyzstan","KG","KGZ","417"
"140","Lao PDR","LA","LAO","418"
"141","Latvia","LV","LVA","428"
"142","Lebanon","LB","LBN","422"
"143","Lesotho","LS","LSO","426"
"144","Liberia","LR","LBR","430"
"145","Libya","LY","LBY","434"
"146","Liechtenstein","LI","LIE","438"
"147","Lithuania","LT","LTU","440"
"148","Luxembourg","LU","LUX","442"
"150","Macedonia, Republic of","MK","MKD","807"
"151","Madagascar","MG","MDG","450"
"152","Malawi","MW","MWI","454"
"153","Malaysia","MY","MYS","458"
"154","Maldives","MV","MDV","462"
"155","Mali","ML","MLI","466"
"156","Malta","MT","MLT","470"
"157","Marshall Islands","MH","MHL","584"
"158","Martinique","MQ","MTQ","474"
"159","Mauritania","MR","MRT","478"
"160","Mauritius","MU","MUS","480"
"161","Mayotte","YT","MYT","175"
"162","Mexico","MX","MEX","484"
"163","Micronesia, Federated States of","FM","FSM","583"
"164","Moldova","MD","MDA","498"
"165","Monaco","MC","MCO","492"
"166","Mongolia","MN","MNG","496"
"167","Montenegro","ME","MNE","499"
"168","Montserrat","MS","MSR","500"
"169","Morocco","MA","MAR","504"
"170","Mozambique","MZ","MOZ","508"
"171","Myanmar","MM","MMR","104"
"174","Namibia",NA,"NAM","516"
"175","Nauru","NR","NRU","520"
"176","Nepal","NP","NPL","524"
"177","Netherlands","NL","NLD","528"
"178","Netherlands Antilles","AN","ANT","530"
"179","New Caledonia","NC","NCL","540"
"180","New Zealand","NZ","NZL","554"
"181","Nicaragua","NI","NIC","558"
"182","Niger","NE","NER","562"
"183","Nigeria","NG","NGA","566"
"184","Niue","NU","NIU","570"
"185","Norfolk Island","NF","NFK","574"
"186","Northern Mariana Islands","MP","MNP","580"
"187","Norway","NO","NOR","578"
"190","Oman","OM","OMN","512"
"192","Pakistan","PK","PAK","586"
"193","Palau","PW","PLW","585"
"194","Palestinian Territory","PS","PSE","275"
"195","Panama","PA","PAN","591"
"196","Papua New Guinea","PG","PNG","598"
"197","Paraguay","PY","PRY","600"
"198","Peru","PE","PER","604"
"199","Philippines","PH","PHL","608"
"200","Pitcairn","PN","PCN","612"
"201","Poland","PL","POL","616"
"202","Portugal","PT","PRT","620"
"203","Puerto Rico","PR","PRI","630"
"206","Qatar","QA","QAT","634"
"208","Réunion","RE","REU","638"
"209","Romania","RO","ROU","642"
"210","Russian Federation","RU","RUS","643"
"211","Rwanda","RW","RWA","646"
"214","Saint-Barthélemy","BL","BLM","652"
"215","Saint Helena","SH","SHN","654"
"216","Saint Kitts and Nevis","KN","KNA","659"
"217","Saint Lucia","LC","LCA","662"
"218","Saint-Martin (French part)","MF","MAF","663"
"219","Saint Pierre and Miquelon","PM","SPM","666"
"220","Saint Vincent and Grenadines","VC","VCT","670"
"221","Samoa","WS","WSM","882"
"222","San Marino","SM","SMR","674"
"223","Sao Tome and Principe","ST","STP","678"
"224","Saudi Arabia","SA","SAU","682"
"225","Senegal","SN","SEN","686"
"226","Serbia","RS","SRB","688"
"227","Seychelles","SC","SYC","690"
"228","Sierra Leone","SL","SLE","694"
"229","Singapore","SG","SGP","702"
"230","Slovakia","SK","SVK","703"
"231","Slovenia","SI","SVN","705"
"232","Solomon Islands","SB","SLB","090"
"233","Somalia","SO","SOM","706"
"234","South Africa","ZA","ZAF","710"
"235","South Georgia and the South Sandwich Islands","GS","SGS","239"
"236","South Sudan","SS","SSD","728"
"237","Spain","ES","ESP","724"
"238","Sri Lanka","LK","LKA","144"
"239","Sudan","SD","SDN","736"
"240","Suriname","SR","SUR","740"
"241","Svalbard and Jan Mayen Islands","SJ","SJM","744"
"242","Swaziland","SZ","SWZ","748"
"243","Sweden","SE","SWE","752"
"244","Switzerland","CH","CHE","756"
"245","Syrian Arab Republic (Syria)","SY","SYR","760"
"248","Taiwan, Republic of China","TW","TWN","158"
"249","Tajikistan","TJ","TJK","762"
"250","Tanzania, United Republic of","TZ","TZA","834"
"251","Thailand","TH","THA","764"
"252","Timor-Leste","TL","TLS","626"
"253","Togo","TG","TGO","768"
"254","Tokelau","TK","TKL","772"
"255","Tonga","TO","TON","776"
"256","Trinidad and Tobago","TT","TTO","780"
"257","Tunisia","TN","TUN","788"
"258","Turkey","TR","TUR","792"
"259","Turkmenistan","TM","TKM","795"
"260","Turks and Caicos Islands","TC","TCA","796"
"261","Tuvalu","TV","TUV","798"
"264","Uganda","UG","UGA","800"
"265","Ukraine","UA","UKR","804"
"266","United Arab Emirates","AE","ARE","784"
"267","United Kingdom","GB","GBR","826"
"268","United States of America","US","USA","840"
"269","US Minor Outlying Islands","UM","UMI","581"
"270","Uruguay","UY","URY","858"
"271","Uzbekistan","UZ","UZB","860"
"274","Vanuatu","VU","VUT","548"
"275","Venezuela (Bolivarian Republic)","VE","VEN","862"
"276","Viet Nam","VN","VNM","704"
"277","Virgin Islands, US","VI","VIR","850"
"280","Wallis and Futuna Islands","WF","WLF","876"
"281","Western Sahara","EH","ESH","732"
"284","Yemen","YE","YEM","887"
"285","Zambia","ZM","ZMB","894"
"286","Zimbabwe","ZW","ZWE","716"
